,,zip,lat,lng,city,state_id,state_name,zcta,parent_zcta,population,density,county_fips,county_name,county_weights,county_names_all,county_fips_all,imprecise,military,timezone
1,0.002469136,85003,33.45076,-112.07836,Phoenix,AZ,Arizona,TRUE,,8499,1772.5,4013,Maricopa,"{""04013"": ""100""}",Maricopa,4013,FALSE,FALSE,America/Phoenix
2,0.004938272,85004,33.45155,-112.06986,Phoenix,AZ,Arizona,TRUE,,7164,1356,4013,Maricopa,"{""04013"": ""100""}",Maricopa,4013,FALSE,FALSE,America/Phoenix
3,0.007407407,85006,33.46513,-112.04788,Phoenix,AZ,Arizona,TRUE,,27206,2690.9,4013,Maricopa,"{""04013"": ""100""}",Maricopa,4013,FALSE,FALSE,America/Phoenix
4,0.009876543,85007,33.44713,-112.0912,Phoenix,AZ,Arizona,TRUE,,14428,1219.9,4013,Maricopa,"{""04013"": ""100""}",Maricopa,4013,FALSE,FALSE,America/Phoenix
5,0.012345679,85008,33.46331,-111.98676,Phoenix,AZ,Arizona,TRUE,,62340,2297.8,4013,Maricopa,"{""04013"": ""100""}",Maricopa,4013,FALSE,FALSE,America/Phoenix
6,0.014814815,85009,33.44281,-112.12823,Phoenix,AZ,Arizona,TRUE,,51711,1278.1,4013,Maricopa,"{""04013"": ""100""}",Maricopa,4013,FALSE,FALSE,America/Phoenix
7,0.017283951,85012,33.50731,-112.07035,Phoenix,AZ,Arizona,TRUE,,7492,1318.4,4013,Maricopa,"{""04013"": ""100""}",Maricopa,4013,FALSE,FALSE,America/Phoenix
8,0.019753086,85013,33.51007,-112.08287,Phoenix,AZ,Arizona,TRUE,,21028,2183.9,4013,Maricopa,"{""04013"": ""100""}",Maricopa,4013,FALSE,FALSE,America/Phoenix
9,0.022222222,85014,33.5085,-112.05674,Phoenix,AZ,Arizona,TRUE,,27623,2551.8,4013,Maricopa,"{""04013"": ""100""}",Maricopa,4013,FALSE,FALSE,America/Phoenix
10,0.024691358,85015,33.50918,-112.10179,Phoenix,AZ,Arizona,TRUE,,41895,3312.7,4013,Maricopa,"{""04013"": ""100""}",Maricopa,4013,FALSE,FALSE,America/Phoenix
11,0.027160494,85016,33.51359,-112.02967,Phoenix,AZ,Arizona,TRUE,,35930,1535.9,4013,Maricopa,"{""04013"": ""100""}",Maricopa,4013,FALSE,FALSE,America/Phoenix
12,0.02962963,85017,33.50909,-112.1237,Phoenix,AZ,Arizona,TRUE,,42656,3141.6,4013,Maricopa,"{""04013"": ""100""}",Maricopa,4013,FALSE,FALSE,America/Phoenix
13,0.032098765,85018,33.50537,-111.98579,Phoenix,AZ,Arizona,TRUE,,38473,1336,4013,Maricopa,"{""04013"": ""100""}",Maricopa,4013,FALSE,FALSE,America/Phoenix
14,0.034567901,85019,33.50918,-112.14299,Phoenix,AZ,Arizona,TRUE,,27813,2863.6,4013,Maricopa,"{""04013"": ""100""}",Maricopa,4013,FALSE,FALSE,America/Phoenix
15,0.037037037,85020,33.56733,-112.05461,Phoenix,AZ,Arizona,TRUE,,35361,1535.6,4013,Maricopa,"{""04013"": ""100""}",Maricopa,4013,FALSE,FALSE,America/Phoenix
16,0.039506173,85021,33.56004,-112.09398,Phoenix,AZ,Arizona,TRUE,,43378,2490.2,4013,Maricopa,"{""04013"": ""100""}",Maricopa,4013,FALSE,FALSE,America/Phoenix
17,0.041975309,85022,33.62716,-112.05177,Phoenix,AZ,Arizona,TRUE,,51920,2145.4,4013,Maricopa,"{""04013"": ""100""}",Maricopa,4013,FALSE,FALSE,America/Phoenix
18,0.044444444,85023,33.63155,-112.09466,Phoenix,AZ,Arizona,TRUE,,34268,1811.5,4013,Maricopa,"{""04013"": ""100""}",Maricopa,4013,FALSE,FALSE,America/Phoenix
19,0.04691358,85024,33.73548,-112.03347,Phoenix,AZ,Arizona,TRUE,,24834,340.4,4013,Maricopa,"{""04013"": ""100""}",Maricopa,4013,FALSE,FALSE,America/Phoenix
20,0.049382716,85027,33.6819,-112.0996,Phoenix,AZ,Arizona,TRUE,,37873,1040.1,4013,Maricopa,"{""04013"": ""100""}",Maricopa,4013,FALSE,FALSE,America/Phoenix
21,0.051851852,85028,33.57555,-112.00911,Phoenix,AZ,Arizona,TRUE,,19334,744.8,4013,Maricopa,"{""04013"": ""100""}",Maricopa,4013,FALSE,FALSE,America/Phoenix
22,0.054320988,85029,33.59504,-112.11027,Phoenix,AZ,Arizona,TRUE,,47080,1902.1,4013,Maricopa,"{""04013"": ""100""}",Maricopa,4013,FALSE,FALSE,America/Phoenix
23,0.056790123,85031,33.49492,-112.16833,Phoenix,AZ,Arizona,TRUE,,33886,3228.9,4013,Maricopa,"{""04013"": ""100""}",Maricopa,4013,FALSE,FALSE,America/Phoenix
24,0.059259259,85032,33.6263,-112.00381,Phoenix,AZ,Arizona,TRUE,,73203,2275,4013,Maricopa,"{""04013"": ""100""}",Maricopa,4013,FALSE,FALSE,America/Phoenix
25,0.061728395,85033,33.49438,-112.21164,Phoenix,AZ,Arizona,TRUE,,64832,4106,4013,Maricopa,"{""04013"": ""100""}",Maricopa,4013,FALSE,FALSE,America/Phoenix
26,0.064197531,85034,33.43489,-112.02005,Phoenix,AZ,Arizona,TRUE,,5045,170.5,4013,Maricopa,"{""04013"": ""100""}",Maricopa,4013,FALSE,FALSE,America/Phoenix
27,0.066666667,85035,33.47144,-112.19466,Phoenix,AZ,Arizona,TRUE,,59660,4030.3,4013,Maricopa,"{""04013"": ""100""}",Maricopa,4013,FALSE,FALSE,America/Phoenix
28,0.069135802,85037,33.49056,-112.26468,Phoenix,AZ,Arizona,TRUE,,54817,2585.4,4013,Maricopa,"{""04013"": ""100""}",Maricopa,4013,FALSE,FALSE,America/Phoenix
29,0.071604938,85040,33.40613,-112.02657,Phoenix,AZ,Arizona,TRUE,,35204,1335.9,4013,Maricopa,"{""04013"": ""100""}",Maricopa,4013,FALSE,FALSE,America/Phoenix
30,0.074074074,85041,33.38586,-112.10884,Phoenix,AZ,Arizona,TRUE,,62152,1511.9,4013,Maricopa,"{""04013"": ""100""}",Maricopa,4013,FALSE,FALSE,America/Phoenix
31,0.07654321,85042,33.36882,-112.04246,Phoenix,AZ,Arizona,TRUE,,47957,1231.8,4013,Maricopa,"{""04013"": ""100""}",Maricopa,4013,FALSE,FALSE,America/Phoenix
32,0.079012346,85043,33.43242,-112.19646,Phoenix,AZ,Arizona,TRUE,,38704,790.5,4013,Maricopa,"{""04013"": ""100""}",Maricopa,4013,FALSE,FALSE,America/Phoenix
33,0.081481481,85044,33.34239,-112.00177,Phoenix,AZ,Arizona,TRUE,,41746,1118.5,4013,Maricopa,"{""04013"": ""100""}",Maricopa,4013,FALSE,FALSE,America/Phoenix
34,0.083950617,85045,33.29917,-112.10853,Phoenix,AZ,Arizona,TRUE,,7008,747.9,4013,Maricopa,"{""04013"": ""100""}",Maricopa,4013,FALSE,FALSE,America/Phoenix
35,0.086419753,85048,33.3126,-112.05578,Phoenix,AZ,Arizona,TRUE,,35765,700.3,4013,Maricopa,"{""04013"": ""100""}",Maricopa,4013,FALSE,FALSE,America/Phoenix
36,0.088888889,85050,33.68633,-111.99631,Phoenix,AZ,Arizona,TRUE,,32039,847.9,4013,Maricopa,"{""04013"": ""100""}",Maricopa,4013,FALSE,FALSE,America/Phoenix
37,0.091358025,85051,33.55908,-112.1332,Phoenix,AZ,Arizona,TRUE,,45313,2769.8,4013,Maricopa,"{""04013"": ""100""}",Maricopa,4013,FALSE,FALSE,America/Phoenix
38,0.09382716,85053,33.62994,-112.1316,Phoenix,AZ,Arizona,TRUE,,30608,2268.7,4013,Maricopa,"{""04013"": ""100""}",Maricopa,4013,FALSE,FALSE,America/Phoenix
39,0.096296296,85054,33.67311,-111.94612,Phoenix,AZ,Arizona,TRUE,,7785,334,4013,Maricopa,"{""04013"": ""100""}",Maricopa,4013,FALSE,FALSE,America/Phoenix
40,0.098765432,85083,33.72456,-112.15854,Phoenix,AZ,Arizona,TRUE,,19923,781.4,4013,Maricopa,"{""04013"": ""100""}",Maricopa,4013,FALSE,FALSE,America/Phoenix
41,0.101234568,85085,33.75295,-112.08931,Phoenix,AZ,Arizona,TRUE,,23700,357.3,4013,Maricopa,"{""04013"": ""100""}",Maricopa,4013,FALSE,FALSE,America/Phoenix
42,0.103703704,85086,33.81546,-112.12019,Phoenix,AZ,Arizona,TRUE,,42179,279.2,4013,Maricopa,"{""04013"": ""100""}",Maricopa,4013,FALSE,FALSE,America/Phoenix
43,0.10617284,85087,33.92352,-112.12793,New River,AZ,Arizona,TRUE,,7991,41.2,4013,Maricopa,"{""04013"": ""100""}",Maricopa,4013,FALSE,FALSE,America/Phoenix
44,0.108641975,85118,33.3534,-111.35045,Gold Canyon,AZ,Arizona,TRUE,,13091,31.7,4021,Pinal,"{""04021"": ""100""}",Pinal,4021,FALSE,FALSE,America/Phoenix
45,0.111111111,85119,33.40972,-111.50197,Apache Junction,AZ,Arizona,TRUE,,24255,212.5,4021,Pinal,"{""04021"": ""100""}",Pinal,4021,FALSE,FALSE,America/Phoenix
46,0.113580247,85120,33.40301,-111.56787,Apache Junction,AZ,Arizona,TRUE,,31842,688.8,4021,Pinal,"{""04021"": ""83.77"", ""04013"": ""16.23""}",Pinal|Maricopa,04021|04013,FALSE,FALSE,America/Phoenix
47,0.116049383,85121,33.14345,-111.92129,Bapchule,AZ,Arizona,TRUE,,1499,7.9,4021,Pinal,"{""04021"": ""100""}",Pinal,4021,FALSE,FALSE,America/Phoenix
48,0.118518519,85122,32.91719,-111.74422,Casa Grande,AZ,Arizona,TRUE,,58724,453.3,4021,Pinal,"{""04021"": ""100""}",Pinal,4021,FALSE,FALSE,America/Phoenix
49,0.120987654,85123,32.71578,-111.69557,Arizona City,AZ,Arizona,TRUE,,11265,163.5,4021,Pinal,"{""04021"": ""100""}",Pinal,4021,FALSE,FALSE,America/Phoenix
50,0.12345679,85128,32.99049,-111.53802,Coolidge,AZ,Arizona,TRUE,,17053,40.3,4021,Pinal,"{""04021"": ""100""}",Pinal,4021,FALSE,FALSE,America/Phoenix
51,0.125925926,85131,32.6739,-111.55013,Eloy,AZ,Arizona,TRUE,,20055,28.7,4021,Pinal,"{""04021"": ""100""}",Pinal,4021,FALSE,FALSE,America/Phoenix
52,0.128395062,85132,32.93339,-111.20446,Florence,AZ,Arizona,TRUE,,39903,25.5,4021,Pinal,"{""04021"": ""100""}",Pinal,4021,FALSE,FALSE,America/Phoenix
53,0.130864198,85135,33.00418,-110.786,Hayden,AZ,Arizona,TRUE,,490,429.2,4007,Gila,"{""04007"": ""100""}",Gila,4007,FALSE,FALSE,America/Phoenix
54,0.133333333,85137,33.13733,-111.00194,Kearny,AZ,Arizona,TRUE,,2535,4.7,4021,Pinal,"{""04021"": ""100""}",Pinal,4021,FALSE,FALSE,America/Phoenix
55,0.135802469,85138,33.00685,-111.98908,Maricopa,AZ,Arizona,TRUE,,38446,200.4,4021,Pinal,"{""04021"": ""100""}",Pinal,4021,FALSE,FALSE,America/Phoenix
56,0.138271605,85139,32.97591,-112.14611,Maricopa,AZ,Arizona,TRUE,,17939,35.8,4021,Pinal,"{""04021"": ""99.31"", ""04013"": ""0.69""}",Pinal|Maricopa,04021|04013,FALSE,FALSE,America/Phoenix
57,0.140740741,85140,33.24451,-111.54379,San Tan Valley,AZ,Arizona,TRUE,,47244,544.1,4021,Pinal,"{""04021"": ""100""}",Pinal,4021,FALSE,FALSE,America/Phoenix
58,0.143209877,85141,32.67333,-111.45436,Picacho,AZ,Arizona,TRUE,,430,4,4021,Pinal,"{""04021"": ""100""}",Pinal,4021,FALSE,FALSE,America/Phoenix
59,0.145679012,85142,33.19866,-111.63814,Queen Creek,AZ,Arizona,TRUE,,71423,388.2,4013,Maricopa,"{""04013"": ""66.26"", ""04021"": ""33.74""}",Maricopa|Pinal,04013|04021,FALSE,FALSE,America/Phoenix
60,0.148148148,85143,33.15864,-111.51902,San Tan Valley,AZ,Arizona,TRUE,,39153,420.4,4021,Pinal,"{""04021"": ""100""}",Pinal,4021,FALSE,FALSE,America/Phoenix
61,0.150617284,85145,32.55751,-111.36787,Red Rock,AZ,Arizona,TRUE,,4203,73,4021,Pinal,"{""04021"": ""100""}",Pinal,4021,FALSE,FALSE,America/Phoenix
62,0.15308642,85147,33.12587,-111.73723,Sacaton,AZ,Arizona,TRUE,,3644,19.7,4021,Pinal,"{""04021"": ""100""}",Pinal,4021,FALSE,FALSE,America/Phoenix
63,0.155555556,85172,32.88608,-111.95379,Stanfield,AZ,Arizona,TRUE,,1991,11.7,4021,Pinal,"{""04021"": ""100""}",Pinal,4021,FALSE,FALSE,America/Phoenix
64,0.158024691,85173,33.27017,-111.12336,Superior,AZ,Arizona,TRUE,,3098,32.1,4021,Pinal,"{""04021"": ""100""}",Pinal,4021,FALSE,FALSE,America/Phoenix
65,0.160493827,85192,32.96052,-110.68867,Winkelman,AZ,Arizona,TRUE,,2616,2.8,4021,Pinal,"{""04021"": ""67.26"", ""04007"": ""32.74""}",Pinal|Gila,04021|04007,FALSE,FALSE,America/Phoenix
66,0.162962963,85193,32.79406,-111.82023,Casa Grande,AZ,Arizona,TRUE,,6142,9.2,4021,Pinal,"{""04021"": ""100""}",Pinal,4021,FALSE,FALSE,America/Phoenix
67,0.165432099,85194,32.89835,-111.62605,Casa Grande,AZ,Arizona,TRUE,,7948,40.4,4021,Pinal,"{""04021"": ""100""}",Pinal,4021,FALSE,FALSE,America/Phoenix
68,0.167901235,85201,33.43387,-111.85023,Mesa,AZ,Arizona,TRUE,,54110,2237.6,4013,Maricopa,"{""04013"": ""100""}",Maricopa,4013,FALSE,FALSE,America/Phoenix
69,0.17037037,85202,33.38249,-111.87447,Mesa,AZ,Arizona,TRUE,,40364,2478.1,4013,Maricopa,"{""04013"": ""100""}",Maricopa,4013,FALSE,FALSE,America/Phoenix
70,0.172839506,85203,33.45005,-111.804,Mesa,AZ,Arizona,TRUE,,39797,1677.1,4013,Maricopa,"{""04013"": ""100""}",Maricopa,4013,FALSE,FALSE,America/Phoenix
71,0.175308642,85204,33.39679,-111.7881,Mesa,AZ,Arizona,TRUE,,67924,2647.4,4013,Maricopa,"{""04013"": ""100""}",Maricopa,4013,FALSE,FALSE,America/Phoenix
72,0.177777778,85205,33.43232,-111.7187,Mesa,AZ,Arizona,TRUE,,43135,1701.5,4013,Maricopa,"{""04013"": ""100""}",Maricopa,4013,FALSE,FALSE,America/Phoenix
73,0.180246914,85206,33.39667,-111.71772,Mesa,AZ,Arizona,TRUE,,37230,1506.9,4013,Maricopa,"{""04013"": ""100""}",Maricopa,4013,FALSE,FALSE,America/Phoenix
74,0.182716049,85207,33.4535,-111.63683,Mesa,AZ,Arizona,TRUE,,49863,644.9,4013,Maricopa,"{""04013"": ""100""}",Maricopa,4013,FALSE,FALSE,America/Phoenix
75,0.185185185,85208,33.40161,-111.62826,Mesa,AZ,Arizona,TRUE,,37109,1595.2,4013,Maricopa,"{""04013"": ""100""}",Maricopa,4013,FALSE,FALSE,America/Phoenix
76,0.187654321,85209,33.37832,-111.63763,Mesa,AZ,Arizona,TRUE,,41407,1442.1,4013,Maricopa,"{""04013"": ""100""}",Maricopa,4013,FALSE,FALSE,America/Phoenix
77,0.190123457,85210,33.38986,-111.84321,Mesa,AZ,Arizona,TRUE,,41073,2408.8,4013,Maricopa,"{""04013"": ""100""}",Maricopa,4013,FALSE,FALSE,America/Phoenix
78,0.192592593,85212,33.32214,-111.63542,Mesa,AZ,Arizona,TRUE,,37204,405.4,4013,Maricopa,"{""04013"": ""100""}",Maricopa,4013,FALSE,FALSE,America/Phoenix
79,0.195061728,85213,33.44847,-111.77,Mesa,AZ,Arizona,TRUE,,36916,1505,4013,Maricopa,"{""04013"": ""100""}",Maricopa,4013,FALSE,FALSE,America/Phoenix
80,0.197530864,85215,33.51106,-111.57882,Mesa,AZ,Arizona,TRUE,,16471,76.8,4013,Maricopa,"{""04013"": ""100""}",Maricopa,4013,FALSE,FALSE,America/Phoenix
81,0.2,85224,33.32365,-111.87643,Chandler,AZ,Arizona,TRUE,,43834,1813.8,4013,Maricopa,"{""04013"": ""100""}",Maricopa,4013,FALSE,FALSE,America/Phoenix
82,0.202469136,85225,33.3174,-111.83218,Chandler,AZ,Arizona,TRUE,,70356,2120,4013,Maricopa,"{""04013"": ""100""}",Maricopa,4013,FALSE,FALSE,America/Phoenix
83,0.204938272,85226,33.259,-112.00763,Chandler,AZ,Arizona,TRUE,,39157,188.8,4013,Maricopa,"{""04013"": ""100""}",Maricopa,4013,FALSE,FALSE,America/Phoenix
84,0.207407407,85233,33.35211,-111.81134,Gilbert,AZ,Arizona,TRUE,,35640,1414.2,4013,Maricopa,"{""04013"": ""100""}",Maricopa,4013,FALSE,FALSE,America/Phoenix
85,0.209876543,85234,33.36455,-111.73943,Gilbert,AZ,Arizona,TRUE,,49056,1594.5,4013,Maricopa,"{""04013"": ""100""}",Maricopa,4013,FALSE,FALSE,America/Phoenix
86,0.212345679,85248,33.21797,-111.86962,Chandler,AZ,Arizona,TRUE,,35040,447.1,4013,Maricopa,"{""04013"": ""97.55"", ""04021"": ""2.45""}",Maricopa|Pinal,04013|04021,FALSE,FALSE,America/Phoenix
87,0.214814815,85249,33.22551,-111.79707,Chandler,AZ,Arizona,TRUE,,39618,1107.4,4013,Maricopa,"{""04013"": ""100""}",Maricopa,4013,FALSE,FALSE,America/Phoenix
88,0.217283951,85250,33.53583,-111.88853,Scottsdale,AZ,Arizona,TRUE,,17688,725.2,4013,Maricopa,"{""04013"": ""100""}",Maricopa,4013,FALSE,FALSE,America/Phoenix
89,0.219753086,85251,33.49393,-111.91954,Scottsdale,AZ,Arizona,TRUE,,41102,2153.5,4013,Maricopa,"{""04013"": ""100""}",Maricopa,4013,FALSE,FALSE,America/Phoenix
90,0.222222222,85253,33.54501,-111.95854,Paradise Valley,AZ,Arizona,TRUE,,18811,403.9,4013,Maricopa,"{""04013"": ""100""}",Maricopa,4013,FALSE,FALSE,America/Phoenix
91,0.224691358,85254,33.61504,-111.95198,Scottsdale,AZ,Arizona,TRUE,,47185,1335.7,4013,Maricopa,"{""04013"": ""100""}",Maricopa,4013,FALSE,FALSE,America/Phoenix
92,0.227160494,85255,33.68316,-111.82109,Scottsdale,AZ,Arizona,TRUE,,43956,193.8,4013,Maricopa,"{""04013"": ""100""}",Maricopa,4013,FALSE,FALSE,America/Phoenix
93,0.22962963,85256,33.50196,-111.84066,Scottsdale,AZ,Arizona,TRUE,,6173,72.2,4013,Maricopa,"{""04013"": ""100""}",Maricopa,4013,FALSE,FALSE,America/Phoenix
94,0.232098765,85257,33.46417,-111.91592,Scottsdale,AZ,Arizona,TRUE,,33392,1966.8,4013,Maricopa,"{""04013"": ""100""}",Maricopa,4013,FALSE,FALSE,America/Phoenix
95,0.234567901,85258,33.56466,-111.89566,Scottsdale,AZ,Arizona,TRUE,,25755,1159.6,4013,Maricopa,"{""04013"": ""100""}",Maricopa,4013,FALSE,FALSE,America/Phoenix
96,0.237037037,85259,33.60112,-111.80949,Scottsdale,AZ,Arizona,TRUE,,23364,440.4,4013,Maricopa,"{""04013"": ""100""}",Maricopa,4013,FALSE,FALSE,America/Phoenix
97,0.239506173,85260,33.60959,-111.89159,Scottsdale,AZ,Arizona,TRUE,,39861,1060.6,4013,Maricopa,"{""04013"": ""100""}",Maricopa,4013,FALSE,FALSE,America/Phoenix
98,0.241975309,85262,33.83185,-111.81058,Scottsdale,AZ,Arizona,TRUE,,11872,36.2,4013,Maricopa,"{""04013"": ""100""}",Maricopa,4013,FALSE,FALSE,America/Phoenix
99,0.244444444,85263,33.82693,-111.51454,Rio Verde,AZ,Arizona,TRUE,,2907,3.3,4013,Maricopa,"{""04013"": ""100""}",Maricopa,4013,FALSE,FALSE,America/Phoenix
100,0.24691358,85264,33.63083,-111.5326,Fort Mcdowell,AZ,Arizona,TRUE,,1345,2.4,4013,Maricopa,"{""04013"": ""100""}",Maricopa,4013,FALSE,FALSE,America/Phoenix
101,0.249382716,85266,33.76695,-111.91825,Scottsdale,AZ,Arizona,TRUE,,13253,298.7,4013,Maricopa,"{""04013"": ""100""}",Maricopa,4013,FALSE,FALSE,America/Phoenix
102,0.251851852,85268,33.60699,-111.74005,Fountain Hills,AZ,Arizona,TRUE,,25022,469.1,4013,Maricopa,"{""04013"": ""100""}",Maricopa,4013,FALSE,FALSE,America/Phoenix
103,0.254320988,85281,33.42815,-111.93115,Tempe,AZ,Arizona,TRUE,,66833,1931.8,4013,Maricopa,"{""04013"": ""100""}",Maricopa,4013,FALSE,FALSE,America/Phoenix
104,0.256790123,85282,33.39414,-111.93184,Tempe,AZ,Arizona,TRUE,,55664,1923.6,4013,Maricopa,"{""04013"": ""100""}",Maricopa,4013,FALSE,FALSE,America/Phoenix
105,0.259259259,85283,33.36461,-111.93212,Tempe,AZ,Arizona,TRUE,,51495,2260.4,4013,Maricopa,"{""04013"": ""100""}",Maricopa,4013,FALSE,FALSE,America/Phoenix
106,0.261728395,85284,33.33717,-111.93424,Tempe,AZ,Arizona,TRUE,,19909,989.5,4013,Maricopa,"{""04013"": ""100""}",Maricopa,4013,FALSE,FALSE,America/Phoenix
107,0.264197531,85286,33.27106,-111.83122,Chandler,AZ,Arizona,TRUE,,44885,1066.6,4013,Maricopa,"{""04013"": ""100""}",Maricopa,4013,FALSE,FALSE,America/Phoenix
108,0.266666667,85295,33.30544,-111.74085,Gilbert,AZ,Arizona,TRUE,,47791,1459.8,4013,Maricopa,"{""04013"": ""100""}",Maricopa,4013,FALSE,FALSE,America/Phoenix
109,0.269135802,85296,33.33539,-111.74059,Gilbert,AZ,Arizona,TRUE,,44564,1519.7,4013,Maricopa,"{""04013"": ""100""}",Maricopa,4013,FALSE,FALSE,America/Phoenix
110,0.271604938,85297,33.2778,-111.7335,Gilbert,AZ,Arizona,TRUE,,33868,1239,4013,Maricopa,"{""04013"": ""100""}",Maricopa,4013,FALSE,FALSE,America/Phoenix
111,0.274074074,85298,33.24188,-111.72573,Gilbert,AZ,Arizona,TRUE,,31593,852.4,4013,Maricopa,"{""04013"": ""100""}",Maricopa,4013,FALSE,FALSE,America/Phoenix
112,0.27654321,85301,33.53177,-112.17799,Glendale,AZ,Arizona,TRUE,,68579,2856.1,4013,Maricopa,"{""04013"": ""100""}",Maricopa,4013,FALSE,FALSE,America/Phoenix
113,0.279012346,85302,33.56796,-112.17795,Glendale,AZ,Arizona,TRUE,,40186,2542.7,4013,Maricopa,"{""04013"": ""100""}",Maricopa,4013,FALSE,FALSE,America/Phoenix
114,0.281481481,85303,33.5327,-112.22112,Glendale,AZ,Arizona,TRUE,,35142,2142.8,4013,Maricopa,"{""04013"": ""100""}",Maricopa,4013,FALSE,FALSE,America/Phoenix
115,0.283950617,85304,33.59646,-112.17698,Glendale,AZ,Arizona,TRUE,,28113,1949.5,4013,Maricopa,"{""04013"": ""100""}",Maricopa,4013,FALSE,FALSE,America/Phoenix
116,0.286419753,85305,33.53079,-112.25636,Glendale,AZ,Arizona,TRUE,,13370,814.7,4013,Maricopa,"{""04013"": ""100""}",Maricopa,4013,FALSE,FALSE,America/Phoenix
117,0.288888889,85306,33.62394,-112.17639,Glendale,AZ,Arizona,TRUE,,25520,1757.9,4013,Maricopa,"{""04013"": ""100""}",Maricopa,4013,FALSE,FALSE,America/Phoenix
118,0.291358025,85307,33.53756,-112.31365,Glendale,AZ,Arizona,TRUE,,11108,344.6,4013,Maricopa,"{""04013"": ""100""}",Maricopa,4013,FALSE,FALSE,America/Phoenix
119,0.29382716,85308,33.66051,-112.18462,Glendale,AZ,Arizona,TRUE,,66706,1507.9,4013,Maricopa,"{""04013"": ""100""}",Maricopa,4013,FALSE,FALSE,America/Phoenix
120,0.296296296,85309,33.53551,-112.37668,Luke Air Force Base,AZ,Arizona,TRUE,,678,76.3,4013,Maricopa,"{""04013"": ""100""}",Maricopa,4013,FALSE,FALSE,America/Phoenix
121,0.298765432,85310,33.69578,-112.1719,Glendale,AZ,Arizona,TRUE,,20267,858.5,4013,Maricopa,"{""04013"": ""100""}",Maricopa,4013,FALSE,FALSE,America/Phoenix
122,0.301234568,85320,33.91846,-113.21363,Aguila,AZ,Arizona,TRUE,,1207,0.9,4013,Maricopa,"{""04013"": ""98.66"", ""04025"": ""1.34""}",Maricopa|Yavapai,04013|04025,FALSE,FALSE,America/Phoenix
123,0.303703704,85321,32.22945,-112.65431,Ajo,AZ,Arizona,TRUE,,4009,1,4019,Pima,"{""04019"": ""96.6"", ""04013"": ""3.4""}",Pima|Maricopa,04019|04013,FALSE,FALSE,America/Phoenix
124,0.30617284,85322,33.1741,-112.85102,Arlington,AZ,Arizona,TRUE,,670,0.8,4013,Maricopa,"{""04013"": ""100""}",Maricopa,4013,FALSE,FALSE,America/Phoenix
125,0.308641975,85323,33.41939,-112.32606,Avondale,AZ,Arizona,TRUE,,43968,913.3,4013,Maricopa,"{""04013"": ""100""}",Maricopa,4013,FALSE,FALSE,America/Phoenix
126,0.311111111,85324,34.11916,-112.04426,Black Canyon City,AZ,Arizona,TRUE,,2825,3.7,4025,Yavapai,"{""04025"": ""100""}",Yavapai,4025,FALSE,FALSE,America/Phoenix
127,0.313580247,85325,33.99884,-113.90161,Bouse,AZ,Arizona,TRUE,,1288,0.6,4012,La Paz,"{""04012"": ""100""}",La Paz,4012,FALSE,FALSE,America/Phoenix
128,0.316049383,85326,33.28904,-112.57796,Buckeye,AZ,Arizona,TRUE,,63317,66.3,4013,Maricopa,"{""04013"": ""100""}",Maricopa,4013,FALSE,FALSE,America/Phoenix
129,0.318518519,85328,33.22631,-114.63446,Cibola,AZ,Arizona,TRUE,,367,0.8,4012,La Paz,"{""04012"": ""100""}",La Paz,4012,FALSE,FALSE,America/Phoenix
130,0.320987654,85331,33.88506,-111.93494,Cave Creek,AZ,Arizona,TRUE,,30727,105.6,4013,Maricopa,"{""04013"": ""100""}",Maricopa,4013,FALSE,FALSE,America/Phoenix
131,0.32345679,85332,34.19082,-112.90464,Congress,AZ,Arizona,TRUE,,1747,1.6,4025,Yavapai,"{""04025"": ""100""}",Yavapai,4025,FALSE,FALSE,America/Phoenix
132,0.325925926,85333,33.02343,-113.28105,Dateland,AZ,Arizona,TRUE,,565,0.3,4027,Yuma,"{""04027"": ""90.25"", ""04013"": ""9.75""}",Yuma|Maricopa,04027|04013,FALSE,FALSE,America/Phoenix
133,0.328395062,85334,33.52216,-114.53383,Ehrenberg,AZ,Arizona,TRUE,,1160,6.9,4012,La Paz,"{""04012"": ""100""}",La Paz,4012,FALSE,FALSE,America/Phoenix
134,0.330864198,85335,33.59191,-112.32664,El Mirage,AZ,Arizona,TRUE,,35333,1367.4,4013,Maricopa,"{""04013"": ""100""}",Maricopa,4013,FALSE,FALSE,America/Phoenix
135,0.333333333,85336,32.54533,-114.78951,San Luis,AZ,Arizona,TRUE,,510,51.6,4027,Yuma,"{""04027"": ""100""}",Yuma,4027,FALSE,FALSE,America/Phoenix
136,0.335802469,85337,32.95961,-112.7033,Gila Bend,AZ,Arizona,TRUE,,2626,1.8,4013,Maricopa,"{""04013"": ""100""}",Maricopa,4013,FALSE,FALSE,America/Phoenix
137,0.338271605,85338,33.3735,-112.40794,Goodyear,AZ,Arizona,TRUE,,50122,262.1,4013,Maricopa,"{""04013"": ""100""}",Maricopa,4013,FALSE,FALSE,America/Phoenix
138,0.340740741,85339,33.23775,-112.16077,Laveen,AZ,Arizona,TRUE,,47958,87.1,4013,Maricopa,"{""04013"": ""99.85"", ""04021"": ""0.15""}",Maricopa|Pinal,04013|04021,FALSE,FALSE,America/Phoenix
139,0.343209877,85340,33.50984,-112.41317,Litchfield Park,AZ,Arizona,TRUE,,35316,452.6,4013,Maricopa,"{""04013"": ""100""}",Maricopa,4013,FALSE,FALSE,America/Phoenix
140,0.345679012,85341,31.87377,-112.78476,Lukeville,AZ,Arizona,TRUE,,0,0,4019,Pima,"{""04019"": ""100""}",Pima,4019,FALSE,FALSE,America/Phoenix
141,0.348148148,85342,33.94479,-112.45305,Morristown,AZ,Arizona,TRUE,,1637,1.4,4013,Maricopa,"{""04013"": ""97.21"", ""04025"": ""2.79""}",Maricopa|Yavapai,04013|04025,FALSE,FALSE,America/Phoenix
142,0.350617284,85343,33.33909,-112.6891,Palo Verde,AZ,Arizona,TRUE,,205,9.9,4013,Maricopa,"{""04013"": ""100""}",Maricopa,4013,FALSE,FALSE,America/Phoenix
143,0.35308642,85344,34.07552,-114.22197,Parker,AZ,Arizona,TRUE,,10495,9.5,4012,La Paz,"{""04012"": ""100""}",La Paz,4012,FALSE,FALSE,America/Phoenix
144,0.355555556,85345,33.57196,-112.24617,Peoria,AZ,Arizona,TRUE,,57351,1696.4,4013,Maricopa,"{""04013"": ""100""}",Maricopa,4013,FALSE,FALSE,America/Phoenix
145,0.358024691,85346,33.63625,-114.14619,Quartzsite,AZ,Arizona,TRUE,,4248,2.6,4012,La Paz,"{""04012"": ""100""}",La Paz,4012,FALSE,FALSE,America/Phoenix
146,0.360493827,85347,32.79743,-113.78962,Roll,AZ,Arizona,TRUE,,608,1.1,4027,Yuma,"{""04027"": ""100""}",Yuma,4027,FALSE,FALSE,America/Phoenix
147,0.362962963,85348,33.70873,-113.71442,Salome,AZ,Arizona,TRUE,,2537,2.2,4012,La Paz,"{""04012"": ""100""}",La Paz,4012,FALSE,FALSE,America/Phoenix
148,0.365432099,85349,32.49738,-114.7524,San Luis,AZ,Arizona,TRUE,,31488,677.5,4027,Yuma,"{""04027"": ""100""}",Yuma,4027,FALSE,FALSE,America/Phoenix
149,0.367901235,85350,32.55352,-114.6974,Somerton,AZ,Arizona,TRUE,,22593,88.6,4027,Yuma,"{""04027"": ""100""}",Yuma,4027,FALSE,FALSE,America/Phoenix
150,0.37037037,85351,33.60645,-112.2821,Sun City,AZ,Arizona,TRUE,,28528,1014.3,4013,Maricopa,"{""04013"": ""100""}",Maricopa,4013,FALSE,FALSE,America/Phoenix
151,0.372839506,85352,32.71939,-113.83951,Tacna,AZ,Arizona,TRUE,,500,3.1,4027,Yuma,"{""04027"": ""100""}",Yuma,4027,FALSE,FALSE,America/Phoenix
152,0.375308642,85353,33.41824,-112.27288,Tolleson,AZ,Arizona,TRUE,,42801,762.1,4013,Maricopa,"{""04013"": ""100""}",Maricopa,4013,FALSE,FALSE,America/Phoenix
153,0.377777778,85354,33.43316,-113.04897,Tonopah,AZ,Arizona,TRUE,,7719,5,4013,Maricopa,"{""04013"": ""100""}",Maricopa,4013,FALSE,FALSE,America/Phoenix
154,0.380246914,85355,33.57623,-112.45385,Waddell,AZ,Arizona,TRUE,,12998,142.7,4013,Maricopa,"{""04013"": ""100""}",Maricopa,4013,FALSE,FALSE,America/Phoenix
155,0.382716049,85356,32.68901,-114.16228,Wellton,AZ,Arizona,TRUE,,5191,12.1,4027,Yuma,"{""04027"": ""100""}",Yuma,4027,FALSE,FALSE,America/Phoenix
156,0.385185185,85357,33.97768,-113.50324,Wenden,AZ,Arizona,TRUE,,408,0.3,4012,La Paz,"{""04012"": ""100""}",La Paz,4012,FALSE,FALSE,America/Phoenix
157,0.387654321,85360,34.70927,-113.56826,Wikieup,AZ,Arizona,TRUE,,128,0.1,4015,Mohave,"{""04015"": ""100""}",Mohave,4015,FALSE,FALSE,America/Phoenix
158,0.390123457,85361,33.76398,-112.61468,Wittmann,AZ,Arizona,TRUE,,6368,20.7,4013,Maricopa,"{""04013"": ""100""}",Maricopa,4013,FALSE,FALSE,America/Phoenix
159,0.392592593,85362,34.27995,-112.83475,Yarnell,AZ,Arizona,TRUE,,739,4,4025,Yavapai,"{""04025"": ""100""}",Yavapai,4025,FALSE,FALSE,America/Phoenix
160,0.395061728,85363,33.58446,-112.30505,Youngtown,AZ,Arizona,TRUE,,6802,1652.7,4013,Maricopa,"{""04013"": ""100""}",Maricopa,4013,FALSE,FALSE,America/Phoenix
161,0.397530864,85364,32.70312,-114.65882,Yuma,AZ,Arizona,TRUE,,74333,727.4,4027,Yuma,"{""04027"": ""100""}",Yuma,4027,FALSE,FALSE,America/Phoenix
162,0.4,85365,33.07894,-114.15047,Yuma,AZ,Arizona,TRUE,,50865,14.3,4027,Yuma,"{""04027"": ""100""}",Yuma,4027,FALSE,FALSE,America/Phoenix
163,0.402469136,85367,32.67173,-114.39553,Yuma,AZ,Arizona,TRUE,,22897,194.9,4027,Yuma,"{""04027"": ""100""}",Yuma,4027,FALSE,FALSE,America/Phoenix
164,0.404938272,85371,33.82863,-114.37582,Poston,AZ,Arizona,TRUE,,290,0.6,4012,La Paz,"{""04012"": ""100""}",La Paz,4012,FALSE,FALSE,America/Phoenix
165,0.407407407,85373,33.67381,-112.29959,Sun City,AZ,Arizona,TRUE,,19360,656,4013,Maricopa,"{""04013"": ""100""}",Maricopa,4013,FALSE,FALSE,America/Phoenix
166,0.409876543,85374,33.64402,-112.37672,Surprise,AZ,Arizona,TRUE,,48430,1151.2,4013,Maricopa,"{""04013"": ""100""}",Maricopa,4013,FALSE,FALSE,America/Phoenix
167,0.412345679,85375,33.68563,-112.36604,Sun City West,AZ,Arizona,TRUE,,29452,617.8,4013,Maricopa,"{""04013"": ""100""}",Maricopa,4013,FALSE,FALSE,America/Phoenix
168,0.414814815,85377,33.82433,-111.91526,Carefree,AZ,Arizona,TRUE,,3333,152,4013,Maricopa,"{""04013"": ""100""}",Maricopa,4013,FALSE,FALSE,America/Phoenix
169,0.417283951,85379,33.6021,-112.37355,Surprise,AZ,Arizona,TRUE,,47663,1710.3,4013,Maricopa,"{""04013"": ""100""}",Maricopa,4013,FALSE,FALSE,America/Phoenix
170,0.419753086,85381,33.60956,-112.23168,Peoria,AZ,Arizona,TRUE,,24997,1451.5,4013,Maricopa,"{""04013"": ""100""}",Maricopa,4013,FALSE,FALSE,America/Phoenix
171,0.422222222,85382,33.65509,-112.24747,Peoria,AZ,Arizona,TRUE,,38890,1517.2,4013,Maricopa,"{""04013"": ""100""}",Maricopa,4013,FALSE,FALSE,America/Phoenix
172,0.424691358,85383,33.80236,-112.247,Peoria,AZ,Arizona,TRUE,,55327,223.2,4013,Maricopa,"{""04013"": ""100""}",Maricopa,4013,FALSE,FALSE,America/Phoenix
173,0.427160494,85387,33.7128,-112.43806,Surprise,AZ,Arizona,TRUE,,10512,74.3,4013,Maricopa,"{""04013"": ""100""}",Maricopa,4013,FALSE,FALSE,America/Phoenix
174,0.42962963,85388,33.6079,-112.43383,Surprise,AZ,Arizona,TRUE,,30817,907,4013,Maricopa,"{""04013"": ""100""}",Maricopa,4013,FALSE,FALSE,America/Phoenix
175,0.432098765,85390,33.89445,-112.86018,Wickenburg,AZ,Arizona,TRUE,,9314,6.1,4013,Maricopa,"{""04013"": ""91.66"", ""04025"": ""8.34""}",Maricopa|Yavapai,04013|04025,FALSE,FALSE,America/Phoenix
176,0.434567901,85392,33.4778,-112.30938,Avondale,AZ,Arizona,TRUE,,39054,1593.2,4013,Maricopa,"{""04013"": ""100""}",Maricopa,4013,FALSE,FALSE,America/Phoenix
177,0.437037037,85395,33.47907,-112.39452,Goodyear,AZ,Arizona,TRUE,,30491,824.6,4013,Maricopa,"{""04013"": ""100""}",Maricopa,4013,FALSE,FALSE,America/Phoenix
178,0.439506173,85396,33.52694,-112.65073,Buckeye,AZ,Arizona,TRUE,,20905,97.6,4013,Maricopa,"{""04013"": ""100""}",Maricopa,4013,FALSE,FALSE,America/Phoenix
179,0.441975309,85501,33.5391,-110.75344,Globe,AZ,Arizona,TRUE,,12805,8.8,4007,Gila,"{""04007"": ""100""}",Gila,4007,FALSE,FALSE,America/Phoenix
180,0.444444444,85530,33.1062,-110.23732,Bylas,AZ,Arizona,TRUE,,1771,1.6,4009,Graham,"{""04009"": ""100""}",Graham,4009,FALSE,FALSE,America/Phoenix
181,0.44691358,85531,32.87715,-109.78936,Central,AZ,Arizona,TRUE,,323,29.9,4009,Graham,"{""04009"": ""100""}",Graham,4009,FALSE,FALSE,America/Phoenix
182,0.449382716,85533,33.32098,-109.38563,Clifton,AZ,Arizona,TRUE,,3361,1.1,4011,Greenlee,"{""04011"": ""99.69"", ""04009"": ""0.31""}",Greenlee|Graham,04011|04009,FALSE,FALSE,America/Phoenix
183,0.451851852,85534,32.75427,-109.14059,Duncan,AZ,Arizona,TRUE,,2753,2.4,4011,Greenlee,"{""04011"": ""100""}",Greenlee,4011,FALSE,FALSE,America/Phoenix
184,0.454320988,85535,32.98992,-109.91384,Eden,AZ,Arizona,TRUE,,0,0,4009,Graham,"{""04009"": ""100""}",Graham,4009,FALSE,FALSE,America/Phoenix
185,0.456790123,85536,33.13902,-110.00261,Fort Thomas,AZ,Arizona,TRUE,,440,1.2,4009,Graham,"{""04009"": ""100""}",Graham,4009,FALSE,FALSE,America/Phoenix
186,0.459259259,85539,33.36098,-110.913,Miami,AZ,Arizona,TRUE,,4424,30.4,4007,Gila,"{""04007"": ""94.89"", ""04021"": ""5.11""}",Gila|Pinal,04007|04021,FALSE,FALSE,America/Phoenix
187,0.461728395,85540,32.97739,-109.35748,Morenci,AZ,Arizona,TRUE,,3380,13,4011,Greenlee,"{""04011"": ""100""}",Greenlee,4011,FALSE,FALSE,America/Phoenix
188,0.464197531,85541,34.19483,-111.3052,Payson,AZ,Arizona,TRUE,,21661,10.7,4007,Gila,"{""04007"": ""100""}",Gila,4007,FALSE,FALSE,America/Phoenix
189,0.466666667,85542,33.29655,-110.30316,Peridot,AZ,Arizona,TRUE,,3700,6.5,4009,Graham,"{""04009"": ""84.42"", ""04007"": ""15.58""}",Graham|Gila,04009|04007,FALSE,FALSE,America/Phoenix
190,0.469135802,85543,32.98253,-109.96759,Pima,AZ,Arizona,TRUE,,3552,2.3,4009,Graham,"{""04009"": ""100""}",Graham,4009,FALSE,FALSE,America/Phoenix
191,0.471604938,85544,34.34353,-111.53529,Pine,AZ,Arizona,TRUE,,2763,6.4,4007,Gila,"{""04007"": ""100""}",Gila,4007,FALSE,FALSE,America/Phoenix
192,0.474074074,85545,33.54555,-111.12486,Roosevelt,AZ,Arizona,TRUE,,540,0.5,4007,Gila,"{""04007"": ""97.43"", ""04013"": ""2.57""}",Gila|Maricopa,04007|04013,FALSE,FALSE,America/Phoenix
193,0.47654321,85546,32.7113,-109.58411,Safford,AZ,Arizona,TRUE,,20610,11.8,4009,Graham,"{""04009"": ""100""}",Graham,4009,FALSE,FALSE,America/Phoenix
194,0.479012346,85550,33.5311,-110.48326,San Carlos,AZ,Arizona,TRUE,,5239,3.6,4007,Gila,"{""04007"": ""100""}",Gila,4007,FALSE,FALSE,America/Phoenix
195,0.481481481,85551,32.72087,-109.58365,Solomon,AZ,Arizona,TRUE,,447,3.2,4009,Graham,"{""04009"": ""100""}",Graham,4009,FALSE,FALSE,America/Phoenix
196,0.483950617,85552,32.82182,-109.76941,Thatcher,AZ,Arizona,TRUE,,6671,107.5,4009,Graham,"{""04009"": ""100""}",Graham,4009,FALSE,FALSE,America/Phoenix
197,0.486419753,85553,33.81552,-111.22885,Tonto Basin,AZ,Arizona,TRUE,,1791,2.3,4007,Gila,"{""04007"": ""100""}",Gila,4007,FALSE,FALSE,America/Phoenix
198,0.488888889,85554,33.98597,-110.95425,Young,AZ,Arizona,TRUE,,581,0.3,4007,Gila,"{""04007"": ""100""}",Gila,4007,FALSE,FALSE,America/Phoenix
199,0.491358025,85601,31.5884,-111.31589,Arivaca,AZ,Arizona,TRUE,,723,2.3,4019,Pima,"{""04019"": ""100""}",Pima,4019,FALSE,FALSE,America/Phoenix
200,0.49382716,85602,32.17427,-110.37703,Benson,AZ,Arizona,TRUE,,9051,4.7,4003,Cochise,"{""04003"": ""90.16"", ""04019"": ""9.84""}",Cochise|Pima,04003|04019,FALSE,FALSE,America/Phoenix
201,0.496296296,85603,31.43388,-109.91053,Bisbee,AZ,Arizona,TRUE,,6887,11.8,4003,Cochise,"{""04003"": ""100""}",Cochise,4003,FALSE,FALSE,America/Phoenix
202,0.498765432,85605,32.29938,-109.47785,Bowie,AZ,Arizona,TRUE,,540,0.6,4003,Cochise,"{""04003"": ""100""}",Cochise,4003,FALSE,FALSE,America/Phoenix
203,0.501234568,85606,32.03953,-109.91029,Cochise,AZ,Arizona,TRUE,,1067,2.9,4003,Cochise,"{""04003"": ""100""}",Cochise,4003,FALSE,FALSE,America/Phoenix
204,0.503703704,85607,31.5212,-109.35165,Douglas,AZ,Arizona,TRUE,,15419,7.1,4003,Cochise,"{""04003"": ""100""}",Cochise,4003,FALSE,FALSE,America/Phoenix
205,0.50617284,85608,31.45586,-109.58611,Douglas,AZ,Arizona,TRUE,,4671,974.9,4003,Cochise,"{""04003"": ""100""}",Cochise,4003,FALSE,FALSE,America/Phoenix
206,0.508641975,85609,32.06586,-110.10558,Dragoon,AZ,Arizona,TRUE,,340,1,4003,Cochise,"{""04003"": ""100""}",Cochise,4003,FALSE,FALSE,America/Phoenix
207,0.511111111,85610,31.74107,-109.71769,Elfrida,AZ,Arizona,TRUE,,1071,0.9,4003,Cochise,"{""04003"": ""100""}",Cochise,4003,FALSE,FALSE,America/Phoenix
208,0.513580247,85611,31.66145,-110.51209,Elgin,AZ,Arizona,TRUE,,1032,1.3,4023,Santa Cruz,"{""04023"": ""80"", ""04019"": ""17.93"", ""04003"": ""2.07""}",Santa Cruz|Pima|Cochise,04023|04019|04003,FALSE,FALSE,America/Phoenix
209,0.516049383,85613,31.56689,-110.38512,Fort Huachuca,AZ,Arizona,TRUE,,5309,43.8,4003,Cochise,"{""04003"": ""100""}",Cochise,4003,FALSE,FALSE,America/Phoenix
210,0.518518519,85614,31.82284,-110.92578,Green Valley,AZ,Arizona,TRUE,,23777,67.6,4019,Pima,"{""04019"": ""100""}",Pima,4019,FALSE,FALSE,America/Phoenix
211,0.520987654,85615,31.40188,-110.21974,Hereford,AZ,Arizona,TRUE,,9391,17.5,4003,Cochise,"{""04003"": ""100""}",Cochise,4003,FALSE,FALSE,America/Phoenix
212,0.52345679,85616,31.69327,-110.3331,Huachuca City,AZ,Arizona,TRUE,,5341,15.4,4003,Cochise,"{""04003"": ""100""}",Cochise,4003,FALSE,FALSE,America/Phoenix
213,0.525925926,85617,31.54834,-109.72294,McNeal,AZ,Arizona,TRUE,,1128,2,4003,Cochise,"{""04003"": ""100""}",Cochise,4003,FALSE,FALSE,America/Phoenix
214,0.528395062,85618,32.71316,-110.55581,Mammoth,AZ,Arizona,TRUE,,1787,6.1,4021,Pinal,"{""04021"": ""100""}",Pinal,4021,FALSE,FALSE,America/Phoenix
215,0.530864198,85619,32.4076,-110.7332,Mount Lemmon,AZ,Arizona,TRUE,,41,0.1,4019,Pima,"{""04019"": ""100""}",Pima,4019,FALSE,FALSE,America/Phoenix
216,0.533333333,85620,31.33718,-109.94117,Naco,AZ,Arizona,TRUE,,751,290.5,4003,Cochise,"{""04003"": ""100""}",Cochise,4003,FALSE,FALSE,America/Phoenix
217,0.535802469,85621,31.42285,-111.04007,Nogales,AZ,Arizona,TRUE,,22074,30.2,4023,Santa Cruz,"{""04023"": ""100""}",Santa Cruz,4023,FALSE,FALSE,America/Phoenix
218,0.538271605,85622,31.82686,-111.07552,Green Valley,AZ,Arizona,TRUE,,6142,48.6,4019,Pima,"{""04019"": ""100""}",Pima,4019,FALSE,FALSE,America/Phoenix
219,0.540740741,85623,32.70641,-110.8053,Oracle,AZ,Arizona,TRUE,,5190,5.8,4021,Pinal,"{""04021"": ""100""}",Pinal,4021,FALSE,FALSE,America/Phoenix
220,0.543209877,85624,31.51531,-110.69853,Patagonia,AZ,Arizona,TRUE,,1289,1.3,4023,Santa Cruz,"{""04023"": ""100""}",Santa Cruz,4023,FALSE,FALSE,America/Phoenix
221,0.545679012,85625,31.8885,-109.61185,Pearce,AZ,Arizona,TRUE,,2141,3.3,4003,Cochise,"{""04003"": ""100""}",Cochise,4003,FALSE,FALSE,America/Phoenix
222,0.548148148,85626,31.35779,-109.56665,Pirtleville,AZ,Arizona,TRUE,,1077,564.5,4003,Cochise,"{""04003"": ""100""}",Cochise,4003,FALSE,FALSE,America/Phoenix
223,0.550617284,85627,32.00499,-110.24118,Pomerene,AZ,Arizona,TRUE,,1350,30.2,4003,Cochise,"{""04003"": ""100""}",Cochise,4003,FALSE,FALSE,America/Phoenix
224,0.55308642,85629,31.91783,-111.01908,Sahuarita,AZ,Arizona,TRUE,,25770,43.2,4019,Pima,"{""04019"": ""100""}",Pima,4019,FALSE,FALSE,America/Phoenix
225,0.555555556,85630,31.88882,-110.169,Saint David,AZ,Arizona,TRUE,,1757,3.7,4003,Cochise,"{""04003"": ""100""}",Cochise,4003,FALSE,FALSE,America/Phoenix
226,0.558024691,85631,32.59138,-110.55257,San Manuel,AZ,Arizona,TRUE,,3718,12.3,4021,Pinal,"{""04021"": ""100""}",Pinal,4021,FALSE,FALSE,America/Phoenix
227,0.560493827,85632,32.0424,-109.17478,San Simon,AZ,Arizona,TRUE,,788,0.4,4003,Cochise,"{""04003"": ""100""}",Cochise,4003,FALSE,FALSE,America/Phoenix
228,0.562962963,85633,31.62281,-111.49567,Sasabe,AZ,Arizona,TRUE,,41,0.1,4019,Pima,"{""04019"": ""100""}",Pima,4019,FALSE,FALSE,America/Phoenix
229,0.565432099,85634,32.03149,-112.00653,Sells,AZ,Arizona,TRUE,,6569,0.9,4019,Pima,"{""04019"": ""98.32"", ""04021"": ""1.68""}",Pima|Pinal,04019|04021,FALSE,FALSE,America/Phoenix
230,0.567901235,85635,31.57036,-110.17705,Sierra Vista,AZ,Arizona,TRUE,,33947,183.6,4003,Cochise,"{""04003"": ""100""}",Cochise,4003,FALSE,FALSE,America/Phoenix
231,0.57037037,85637,31.72823,-110.68969,Sonoita,AZ,Arizona,TRUE,,1250,4,4023,Santa Cruz,"{""04023"": ""83.12"", ""04019"": ""16.88""}",Santa Cruz|Pima,04023|04019,FALSE,FALSE,America/Phoenix
232,0.572839506,85638,31.71507,-110.0509,Tombstone,AZ,Arizona,TRUE,,1783,2.1,4003,Cochise,"{""04003"": ""100""}",Cochise,4003,FALSE,FALSE,America/Phoenix
233,0.575308642,85640,31.5619,-111.04936,Tumacacori,AZ,Arizona,TRUE,,174,9.1,4023,Santa Cruz,"{""04023"": ""100""}",Santa Cruz,4023,FALSE,FALSE,America/Phoenix
234,0.577777778,85641,32.04903,-110.6229,Vail,AZ,Arizona,TRUE,,27078,22.6,4019,Pima,"{""04019"": ""100""}",Pima,4019,FALSE,FALSE,America/Phoenix
235,0.580246914,85643,32.40377,-109.96368,Willcox,AZ,Arizona,TRUE,,8913,1.7,4003,Cochise,"{""04003"": ""87.08"", ""04009"": ""12.92""}",Cochise|Graham,04003|04009,FALSE,FALSE,America/Phoenix
236,0.582716049,85645,31.70306,-111.15952,Amado,AZ,Arizona,TRUE,,2480,4.7,4019,Pima,"{""04019"": ""87.36"", ""04023"": ""12.64""}",Pima|Santa Cruz,04019|04023,FALSE,FALSE,America/Phoenix
237,0.585185185,85646,31.60614,-110.99021,Tubac,AZ,Arizona,TRUE,,1404,4.2,4023,Santa Cruz,"{""04023"": ""100""}",Santa Cruz,4023,FALSE,FALSE,America/Phoenix
238,0.587654321,85648,31.48733,-111.04117,Rio Rico,AZ,Arizona,TRUE,,19681,48.3,4023,Santa Cruz,"{""04023"": ""100""}",Santa Cruz,4023,FALSE,FALSE,America/Phoenix
239,0.590123457,85650,31.50007,-110.20214,Sierra Vista,AZ,Arizona,TRUE,,15515,143.5,4003,Cochise,"{""04003"": ""100""}",Cochise,4003,FALSE,FALSE,America/Phoenix
240,0.592592593,85653,32.38976,-111.377,Marana,AZ,Arizona,TRUE,,19244,21.3,4019,Pima,"{""04019"": ""99.95"", ""04021"": ""0.05""}",Pima|Pinal,04019|04021,FALSE,FALSE,America/Phoenix
241,0.595061728,85654,32.41526,-111.1544,Rillito,AZ,Arizona,TRUE,,0,0,4019,Pima,"{""04019"": ""100""}",Pima,4019,FALSE,FALSE,America/Phoenix
242,0.597530864,85658,32.5492,-111.14839,Marana,AZ,Arizona,TRUE,,11482,19.8,4019,Pima,"{""04019"": ""84.36"", ""04021"": ""15.64""}",Pima|Pinal,04019|04021,FALSE,FALSE,America/Phoenix
243,0.6,85701,32.2169,-110.97095,Tucson,AZ,Arizona,TRUE,,5234,1397.4,4019,Pima,"{""04019"": ""100""}",Pima,4019,FALSE,FALSE,America/Phoenix
244,0.602469136,85704,32.33788,-110.98553,Tucson,AZ,Arizona,TRUE,,33065,714.3,4019,Pima,"{""04019"": ""100""}",Pima,4019,FALSE,FALSE,America/Phoenix
245,0.604938272,85705,32.2713,-110.99214,Tucson,AZ,Arizona,TRUE,,56314,1597.2,4019,Pima,"{""04019"": ""100""}",Pima,4019,FALSE,FALSE,America/Phoenix
246,0.607407407,85706,32.14763,-110.9334,Tucson,AZ,Arizona,TRUE,,55755,1718,4019,Pima,"{""04019"": ""100""}",Pima,4019,FALSE,FALSE,America/Phoenix
247,0.609876543,85707,32.17921,-110.887,Tucson,AZ,Arizona,TRUE,,678,57.7,4019,Pima,"{""04019"": ""100""}",Pima,4019,FALSE,FALSE,America/Phoenix
248,0.612345679,85708,32.18189,-110.8665,Tucson,AZ,Arizona,TRUE,,3836,1030.2,4019,Pima,"{""04019"": ""100""}",Pima,4019,FALSE,FALSE,America/Phoenix
249,0.614814815,85710,32.21414,-110.82375,Tucson,AZ,Arizona,TRUE,,54489,1741.7,4019,Pima,"{""04019"": ""100""}",Pima,4019,FALSE,FALSE,America/Phoenix
250,0.617283951,85711,32.21523,-110.8834,Tucson,AZ,Arizona,TRUE,,40403,1824.3,4019,Pima,"{""04019"": ""100""}",Pima,4019,FALSE,FALSE,America/Phoenix
251,0.619753086,85712,32.25233,-110.88648,Tucson,AZ,Arizona,TRUE,,32708,1854.8,4019,Pima,"{""04019"": ""100""}",Pima,4019,FALSE,FALSE,America/Phoenix
252,0.622222222,85713,32.19525,-111.01537,Tucson,AZ,Arizona,TRUE,,47272,770.1,4019,Pima,"{""04019"": ""100""}",Pima,4019,FALSE,FALSE,America/Phoenix
253,0.624691358,85714,32.1674,-110.95082,Tucson,AZ,Arizona,TRUE,,15084,884.9,4019,Pima,"{""04019"": ""100""}",Pima,4019,FALSE,FALSE,America/Phoenix
254,0.627160494,85715,32.24887,-110.83081,Tucson,AZ,Arizona,TRUE,,17550,1014.4,4019,Pima,"{""04019"": ""100""}",Pima,4019,FALSE,FALSE,America/Phoenix
255,0.62962963,85716,32.24151,-110.92322,Tucson,AZ,Arizona,TRUE,,30192,1652.5,4019,Pima,"{""04019"": ""100""}",Pima,4019,FALSE,FALSE,America/Phoenix
256,0.632098765,85718,32.33335,-110.91662,Tucson,AZ,Arizona,TRUE,,26346,266.9,4019,Pima,"{""04019"": ""100""}",Pima,4019,FALSE,FALSE,America/Phoenix
257,0.634567901,85719,32.24671,-110.9487,Tucson,AZ,Arizona,TRUE,,48854,2304.4,4019,Pima,"{""04019"": ""100""}",Pima,4019,FALSE,FALSE,America/Phoenix
258,0.637037037,85723,32.18023,-110.96516,Tucson,AZ,Arizona,TRUE,,0,0,4019,Pima,"{""04019"": ""0""}",Pima,4019,FALSE,FALSE,America/Phoenix
259,0.639506173,85724,32.24087,-110.94555,Tucson,AZ,Arizona,TRUE,,0,0,4019,Pima,"{""04019"": ""0""}",Pima,4019,FALSE,FALSE,America/Phoenix
260,0.641975309,85726,32.20478,-110.94563,Tucson,AZ,Arizona,TRUE,,0,0,4019,Pima,"{""04019"": ""0""}",Pima,4019,FALSE,FALSE,America/Phoenix
261,0.644444444,85730,32.18278,-110.74699,Tucson,AZ,Arizona,TRUE,,38343,318.9,4019,Pima,"{""04019"": ""100""}",Pima,4019,FALSE,FALSE,America/Phoenix
262,0.64691358,85735,32.09306,-111.34722,Tucson,AZ,Arizona,TRUE,,10978,22.2,4019,Pima,"{""04019"": ""100""}",Pima,4019,FALSE,FALSE,America/Phoenix
263,0.649382716,85736,31.90108,-111.37022,Tucson,AZ,Arizona,TRUE,,4445,4.9,4019,Pima,"{""04019"": ""100""}",Pima,4019,FALSE,FALSE,America/Phoenix
264,0.651851852,85737,32.41418,-110.94661,Tucson,AZ,Arizona,TRUE,,21743,348.5,4019,Pima,"{""04019"": ""100""}",Pima,4019,FALSE,FALSE,America/Phoenix
265,0.654320988,85739,32.61654,-110.9858,Tucson,AZ,Arizona,TRUE,,19303,40,4021,Pinal,"{""04021"": ""57.05"", ""04019"": ""42.95""}",Pinal|Pima,04021|04019,FALSE,FALSE,America/Phoenix
266,0.656790123,85741,32.33737,-111.03945,Tucson,AZ,Arizona,TRUE,,34813,1338.2,4019,Pima,"{""04019"": ""100""}",Pima,4019,FALSE,FALSE,America/Phoenix
267,0.659259259,85742,32.39472,-111.06572,Tucson,AZ,Arizona,TRUE,,28442,382.2,4019,Pima,"{""04019"": ""100""}",Pima,4019,FALSE,FALSE,America/Phoenix
268,0.661728395,85743,32.3108,-111.18817,Tucson,AZ,Arizona,TRUE,,31148,124.7,4019,Pima,"{""04019"": ""100""}",Pima,4019,FALSE,FALSE,America/Phoenix
269,0.664197531,85745,32.25879,-111.08972,Tucson,AZ,Arizona,TRUE,,38777,222.4,4019,Pima,"{""04019"": ""100""}",Pima,4019,FALSE,FALSE,America/Phoenix
270,0.666666667,85746,32.09161,-111.04443,Tucson,AZ,Arizona,TRUE,,45521,230.3,4019,Pima,"{""04019"": ""100""}",Pima,4019,FALSE,FALSE,America/Phoenix
271,0.669135802,85747,32.09498,-110.76538,Tucson,AZ,Arizona,TRUE,,26714,174.8,4019,Pima,"{""04019"": ""100""}",Pima,4019,FALSE,FALSE,America/Phoenix
272,0.671604938,85748,32.21898,-110.75197,Tucson,AZ,Arizona,TRUE,,19234,627.9,4019,Pima,"{""04019"": ""100""}",Pima,4019,FALSE,FALSE,America/Phoenix
273,0.674074074,85749,32.28951,-110.73178,Tucson,AZ,Arizona,TRUE,,18768,120.5,4019,Pima,"{""04019"": ""100""}",Pima,4019,FALSE,FALSE,America/Phoenix
274,0.67654321,85750,32.30199,-110.84021,Tucson,AZ,Arizona,TRUE,,24502,475.9,4019,Pima,"{""04019"": ""100""}",Pima,4019,FALSE,FALSE,America/Phoenix
275,0.679012346,85755,32.46842,-110.98153,Tucson,AZ,Arizona,TRUE,,17087,195.4,4019,Pima,"{""04019"": ""100""}",Pima,4019,FALSE,FALSE,America/Phoenix
276,0.681481481,85756,32.07926,-110.89889,Tucson,AZ,Arizona,TRUE,,42749,243.1,4019,Pima,"{""04019"": ""100""}",Pima,4019,FALSE,FALSE,America/Phoenix
277,0.683950617,85757,32.1285,-111.12212,Tucson,AZ,Arizona,TRUE,,20350,305.8,4019,Pima,"{""04019"": ""100""}",Pima,4019,FALSE,FALSE,America/Phoenix
278,0.686419753,85901,34.29987,-109.99994,Show Low,AZ,Arizona,TRUE,,18096,26.8,4017,Navajo,"{""04017"": ""96.74"", ""04001"": ""3.26""}",Navajo|Apache,04017|04001,FALSE,FALSE,America/Phoenix
279,0.688888889,85911,34.1355,-110.36938,Cibecue,AZ,Arizona,TRUE,,2209,1.3,4017,Navajo,"{""04017"": ""100""}",Navajo,4017,FALSE,FALSE,America/Phoenix
280,0.691358025,85912,34.42676,-109.92745,White Mountain Lake,AZ,Arizona,TRUE,,350,3.2,4017,Navajo,"{""04017"": ""100""}",Navajo,4017,FALSE,FALSE,America/Phoenix
281,0.69382716,85920,33.8602,-109.17652,Alpine,AZ,Arizona,TRUE,,448,1.6,4001,Apache,"{""04001"": ""100""}",Apache,4001,FALSE,FALSE,America/Phoenix
282,0.696296296,85922,33.50837,-109.13674,Blue,AZ,Arizona,TRUE,,28,0,4011,Greenlee,"{""04011"": ""100""}",Greenlee,4011,FALSE,FALSE,America/Phoenix
283,0.698765432,85923,34.32497,-110.34054,Clay Springs,AZ,Arizona,TRUE,,620,3.8,4017,Navajo,"{""04017"": ""100""}",Navajo,4017,FALSE,FALSE,America/Phoenix
284,0.701234568,85924,34.57457,-109.66171,Concho,AZ,Arizona,TRUE,,2660,1.3,4001,Apache,"{""04001"": ""100""}",Apache,4001,FALSE,FALSE,America/Phoenix
285,0.703703704,85925,34.088,-109.3232,Eagar,AZ,Arizona,TRUE,,4988,65.4,4001,Apache,"{""04001"": ""100""}",Apache,4001,FALSE,FALSE,America/Phoenix
286,0.70617284,85926,33.77421,-109.97933,Fort Apache,AZ,Arizona,TRUE,,421,23.7,4017,Navajo,"{""04017"": ""100""}",Navajo,4017,FALSE,FALSE,America/Phoenix
287,0.708641975,85927,34.00517,-109.46645,Greer,AZ,Arizona,TRUE,,115,0.3,4001,Apache,"{""04001"": ""100""}",Apache,4001,FALSE,FALSE,America/Phoenix
288,0.711111111,85928,34.53343,-110.55814,Heber,AZ,Arizona,TRUE,,1295,1.8,4017,Navajo,"{""04017"": ""100""}",Navajo,4017,FALSE,FALSE,America/Phoenix
289,0.713580247,85929,34.18582,-109.93655,Lakeside,AZ,Arizona,TRUE,,7416,47.4,4017,Navajo,"{""04017"": ""100""}",Navajo,4017,FALSE,FALSE,America/Phoenix
290,0.716049383,85930,34.04314,-109.7226,Mcnary,AZ,Arizona,TRUE,,1319,2.7,4017,Navajo,"{""04017"": ""51.2"", ""04001"": ""48.8""}",Navajo|Apache,04017|04001,FALSE,FALSE,America/Phoenix
291,0.718518519,85931,34.45127,-110.86441,Forest Lakes,AZ,Arizona,TRUE,,186,0.2,4005,Coconino,"{""04005"": ""100""}",Coconino,4005,FALSE,FALSE,America/Phoenix
292,0.720987654,85932,33.9525,-109.21465,Nutrioso,AZ,Arizona,TRUE,,367,1.1,4001,Apache,"{""04001"": ""100""}",Apache,4001,FALSE,FALSE,America/Phoenix
293,0.72345679,85933,34.35622,-110.50677,Overgaard,AZ,Arizona,TRUE,,2697,11.3,4017,Navajo,"{""04017"": ""100""}",Navajo,4017,FALSE,FALSE,America/Phoenix
294,0.725925926,85934,34.30029,-110.24571,Pinedale,AZ,Arizona,TRUE,,246,1.6,4017,Navajo,"{""04017"": ""100""}",Navajo,4017,FALSE,FALSE,America/Phoenix
295,0.728395062,85935,34.11527,-109.89579,Pinetop,AZ,Arizona,TRUE,,4665,37.3,4017,Navajo,"{""04017"": ""100""}",Navajo,4017,FALSE,FALSE,America/Phoenix
296,0.730864198,85936,34.64541,-109.27648,Saint Johns,AZ,Arizona,TRUE,,4373,1.7,4001,Apache,"{""04001"": ""100""}",Apache,4001,FALSE,FALSE,America/Phoenix
297,0.733333333,85937,34.55936,-110.06067,Snowflake,AZ,Arizona,TRUE,,8201,10.3,4017,Navajo,"{""04017"": ""100""}",Navajo,4017,FALSE,FALSE,America/Phoenix
298,0.735802469,85938,34.17017,-109.33153,Springerville,AZ,Arizona,TRUE,,2322,2.4,4001,Apache,"{""04001"": ""100""}",Apache,4001,FALSE,FALSE,America/Phoenix
299,0.738271605,85939,34.43896,-110.08576,Taylor,AZ,Arizona,TRUE,,4319,29.9,4017,Navajo,"{""04017"": ""100""}",Navajo,4017,FALSE,FALSE,America/Phoenix
300,0.740740741,85940,34.25247,-109.68806,Vernon,AZ,Arizona,TRUE,,1430,6.7,4001,Apache,"{""04001"": ""100""}",Apache,4001,FALSE,FALSE,America/Phoenix
301,0.743209877,85941,33.82048,-109.97094,Whiteriver,AZ,Arizona,TRUE,,11251,5.2,4017,Navajo,"{""04017"": ""82.87"", ""04007"": ""16.88"", ""04001"": ""0.25""}",Navajo|Gila|Apache,04017|04007|04001,FALSE,FALSE,America/Phoenix
302,0.745679012,85942,34.74311,-109.97073,Woodruff,AZ,Arizona,TRUE,,56,0.4,4017,Navajo,"{""04017"": ""100""}",Navajo,4017,FALSE,FALSE,America/Phoenix
303,0.748148148,86001,35.28948,-111.63773,Flagstaff,AZ,Arizona,TRUE,,45695,20,4005,Coconino,"{""04005"": ""100""}",Coconino,4005,FALSE,FALSE,America/Phoenix
304,0.750617284,86003,35.21976,-111.21412,Flagstaff,AZ,Arizona,TRUE,,26,0.5,4005,Coconino,"{""04005"": ""100""}",Coconino,4005,FALSE,FALSE,America/Denver
305,0.75308642,86004,35.38763,-111.3848,Flagstaff,AZ,Arizona,TRUE,,36260,18.4,4005,Coconino,"{""04005"": ""100""}",Coconino,4005,FALSE,FALSE,America/Phoenix
306,0.755555556,86011,35.18005,-111.65511,Flagstaff,AZ,Arizona,TRUE,,9772,5567.3,4005,Coconino,"{""04005"": ""100""}",Coconino,4005,FALSE,FALSE,America/Phoenix
307,0.758024691,86015,35.23244,-111.83768,Bellemont,AZ,Arizona,TRUE,,312,22.2,4005,Coconino,"{""04005"": ""100""}",Coconino,4005,FALSE,FALSE,America/Phoenix
308,0.760493827,86016,35.75045,-111.61879,Gray Mountain,AZ,Arizona,TRUE,,42,0.2,4005,Coconino,"{""04005"": ""100""}",Coconino,4005,FALSE,FALSE,America/Denver
309,0.762962963,86017,34.89815,-111.63621,Munds Park,AZ,Arizona,TRUE,,880,2.5,4005,Coconino,"{""04005"": ""100""}",Coconino,4005,FALSE,FALSE,America/Phoenix
310,0.765432099,86018,35.27148,-111.96429,Parks,AZ,Arizona,TRUE,,903,3.5,4005,Coconino,"{""04005"": ""100""}",Coconino,4005,FALSE,FALSE,America/Phoenix
311,0.767901235,86020,35.99215,-111.50372,Cameron,AZ,Arizona,TRUE,,1955,0.7,4005,Coconino,"{""04005"": ""100""}",Coconino,4005,FALSE,FALSE,America/Denver
312,0.77037037,86021,36.97182,-113.01701,Colorado City,AZ,Arizona,TRUE,,6160,89.3,4015,Mohave,"{""04015"": ""100""}",Mohave,4015,FALSE,FALSE,America/Phoenix
313,0.772839506,86022,36.84139,-112.57617,Fredonia,AZ,Arizona,TRUE,,1855,1.3,4005,Coconino,"{""04005"": ""62.31"", ""04015"": ""37.69""}",Coconino|Mohave,04005|04015,FALSE,FALSE,America/Phoenix
314,0.775308642,86023,36.05726,-112.07676,Grand Canyon,AZ,Arizona,TRUE,,2538,3.6,4005,Coconino,"{""04005"": ""100""}",Coconino,4005,FALSE,FALSE,America/Phoenix
315,0.777777778,86024,34.66152,-111.34045,Happy Jack,AZ,Arizona,TRUE,,737,0.5,4005,Coconino,"{""04005"": ""100""}",Coconino,4005,FALSE,FALSE,America/Phoenix
316,0.780246914,86025,34.93784,-110.09962,Holbrook,AZ,Arizona,TRUE,,5565,3,4017,Navajo,"{""04017"": ""100""}",Navajo,4017,FALSE,FALSE,America/Phoenix
317,0.782716049,86028,34.96732,-109.74023,Petrified Forest Natl Pk,AZ,Arizona,TRUE,,0,0,4001,Apache,"{""04001"": ""100""}",Apache,4001,FALSE,FALSE,America/Phoenix
318,0.785185185,86029,35.00327,-109.99538,Sun Valley,AZ,Arizona,TRUE,,77,0.5,4017,Navajo,"{""04017"": ""100""}",Navajo,4017,FALSE,FALSE,America/Phoenix
319,0.787654321,86030,35.9762,-110.71337,Hotevilla,AZ,Arizona,TRUE,,1519,2.5,4017,Navajo,"{""04017"": ""99.78"", ""04005"": ""0.22""}",Navajo|Coconino,04017|04005,FALSE,FALSE,America/Phoenix
320,0.790123457,86031,35.38652,-110.05272,Indian Wells,AZ,Arizona,TRUE,,1751,1.5,4017,Navajo,"{""04017"": ""100""}",Navajo,4017,FALSE,FALSE,America/Denver
321,0.792592593,86032,35.04269,-110.32513,Joseph City,AZ,Arizona,TRUE,,1818,3.5,4017,Navajo,"{""04017"": ""100""}",Navajo,4017,FALSE,FALSE,America/Phoenix
322,0.795061728,86033,36.67265,-110.22883,Kayenta,AZ,Arizona,TRUE,,8195,2.7,4017,Navajo,"{""04017"": ""97.57"", ""04001"": ""2.43""}",Navajo|Apache,04017|04001,FALSE,FALSE,America/Denver
323,0.797530864,86034,35.79022,-110.12806,Keams Canyon,AZ,Arizona,TRUE,,1902,1.5,4017,Navajo,"{""04017"": ""83.84"", ""04001"": ""16.16""}",Navajo|Apache,04017|04001,FALSE,FALSE,America/Denver
324,0.8,86035,35.44614,-110.96226,Leupp,AZ,Arizona,TRUE,,2125,1.1,4005,Coconino,"{""04005"": ""100""}",Coconino,4005,FALSE,FALSE,America/Denver
325,0.802469136,86036,36.73704,-111.82288,Marble Canyon,AZ,Arizona,TRUE,,400,0.2,4005,Coconino,"{""04005"": ""100""}",Coconino,4005,FALSE,FALSE,America/Phoenix
326,0.804938272,86038,34.94196,-111.43059,Mormon Lake,AZ,Arizona,TRUE,,57,0.5,4005,Coconino,"{""04005"": ""100""}",Coconino,4005,FALSE,FALSE,America/Phoenix
327,0.807407407,86039,36.06276,-110.53209,Kykotsmovi Village,AZ,Arizona,TRUE,,1179,1.5,4017,Navajo,"{""04017"": ""100""}",Navajo,4017,FALSE,FALSE,America/Denver
328,0.809876543,86040,36.69614,-111.41906,Page,AZ,Arizona,TRUE,,10662,5.5,4005,Coconino,"{""04005"": ""100""}",Coconino,4005,FALSE,FALSE,America/Denver
329,0.812345679,86042,35.86169,-110.38752,Polacca,AZ,Arizona,TRUE,,2142,11.7,4017,Navajo,"{""04017"": ""100""}",Navajo,4017,FALSE,FALSE,America/Phoenix
330,0.814814815,86043,35.80718,-110.53305,Second Mesa,AZ,Arizona,TRUE,,2840,10.5,4017,Navajo,"{""04017"": ""100""}",Navajo,4017,FALSE,FALSE,America/Phoenix
331,0.817283951,86044,36.70907,-110.84106,Tonalea,AZ,Arizona,TRUE,,3165,1.2,4005,Coconino,"{""04005"": ""77.51"", ""04017"": ""12.47"", ""49037"": ""10.02""}",Coconino|Navajo|San Juan,04005|04017|49037,FALSE,FALSE,America/Denver
332,0.819753086,86045,36.05915,-111.12132,Tuba City,AZ,Arizona,TRUE,,11670,3.3,4005,Coconino,"{""04005"": ""100""}",Coconino,4005,FALSE,FALSE,America/Phoenix
333,0.822222222,86046,35.43002,-112.1549,Williams,AZ,Arizona,TRUE,,5695,1.5,4005,Coconino,"{""04005"": ""100""}",Coconino,4005,FALSE,FALSE,America/Phoenix
334,0.824691358,86047,35.15126,-110.65321,Winslow,AZ,Arizona,TRUE,,15330,3.4,4017,Navajo,"{""04017"": ""94.16"", ""04005"": ""5.84""}",Navajo|Coconino,04017|04005,FALSE,FALSE,America/Phoenix
335,0.827160494,86052,36.34732,-112.11898,North Rim,AZ,Arizona,TRUE,,313,0.1,4005,Coconino,"{""04005"": ""100""}",Coconino,4005,FALSE,FALSE,America/Phoenix
336,0.82962963,86053,36.72417,-111.07331,Kaibeto,AZ,Arizona,TRUE,,2547,1.4,4005,Coconino,"{""04005"": ""100""}",Coconino,4005,FALSE,FALSE,America/Denver
337,0.832098765,86054,36.72366,-110.60998,Shonto,AZ,Arizona,TRUE,,1473,1.4,4017,Navajo,"{""04017"": ""94.37"", ""04005"": ""5.63""}",Navajo|Coconino,04017|04005,FALSE,FALSE,America/Denver
338,0.834567901,86301,34.59172,-112.42642,Prescott,AZ,Arizona,TRUE,,23087,288.1,4025,Yavapai,"{""04025"": ""100""}",Yavapai,4025,FALSE,FALSE,America/Phoenix
339,0.837037037,86303,34.48259,-112.44795,Prescott,AZ,Arizona,TRUE,,17719,51.2,4025,Yavapai,"{""04025"": ""100""}",Yavapai,4025,FALSE,FALSE,America/Phoenix
340,0.839506173,86305,34.81852,-112.95842,Prescott,AZ,Arizona,TRUE,,18876,5.8,4025,Yavapai,"{""04025"": ""100""}",Yavapai,4025,FALSE,FALSE,America/Phoenix
341,0.841975309,86313,34.55361,-112.45239,Prescott,AZ,Arizona,TRUE,,249,856.9,4025,Yavapai,"{""04025"": ""100""}",Yavapai,4025,FALSE,FALSE,America/Phoenix
342,0.844444444,86314,34.62598,-112.30617,Prescott Valley,AZ,Arizona,TRUE,,39703,212.2,4025,Yavapai,"{""04025"": ""100""}",Yavapai,4025,FALSE,FALSE,America/Phoenix
343,0.84691358,86315,34.70344,-112.27007,Prescott Valley,AZ,Arizona,TRUE,,7626,48.4,4025,Yavapai,"{""04025"": ""100""}",Yavapai,4025,FALSE,FALSE,America/Phoenix
344,0.849382716,86320,35.35372,-112.63608,Ash Fork,AZ,Arizona,TRUE,,2024,0.8,4025,Yavapai,"{""04025"": ""53.05"", ""04005"": ""46.95""}",Yavapai|Coconino,04025|04005,FALSE,FALSE,America/Phoenix
345,0.851851852,86321,34.49282,-113.10311,Bagdad,AZ,Arizona,TRUE,,2128,2.8,4025,Yavapai,"{""04025"": ""100""}",Yavapai,4025,FALSE,FALSE,America/Phoenix
346,0.854320988,86322,34.49827,-111.79602,Camp Verde,AZ,Arizona,TRUE,,12107,12.1,4025,Yavapai,"{""04025"": ""100""}",Yavapai,4025,FALSE,FALSE,America/Phoenix
347,0.856790123,86323,34.77472,-112.40792,Chino Valley,AZ,Arizona,TRUE,,16454,44.8,4025,Yavapai,"{""04025"": ""100""}",Yavapai,4025,FALSE,FALSE,America/Phoenix
348,0.859259259,86324,34.85458,-112.1248,Clarkdale,AZ,Arizona,TRUE,,4271,9.9,4025,Yavapai,"{""04025"": ""100""}",Yavapai,4025,FALSE,FALSE,America/Phoenix
349,0.861728395,86325,34.73459,-111.89791,Cornville,AZ,Arizona,TRUE,,5554,35.8,4025,Yavapai,"{""04025"": ""100""}",Yavapai,4025,FALSE,FALSE,America/Phoenix
350,0.864197531,86326,34.70001,-112.02364,Cottonwood,AZ,Arizona,TRUE,,25294,180.5,4025,Yavapai,"{""04025"": ""100""}",Yavapai,4025,FALSE,FALSE,America/Phoenix
351,0.866666667,86327,34.57131,-112.10498,Dewey,AZ,Arizona,TRUE,,9762,18.8,4025,Yavapai,"{""04025"": ""100""}",Yavapai,4025,FALSE,FALSE,America/Phoenix
352,0.869135802,86329,34.47164,-112.22499,Humboldt,AZ,Arizona,TRUE,,1037,10.8,4025,Yavapai,"{""04025"": ""100""}",Yavapai,4025,FALSE,FALSE,America/Phoenix
353,0.871604938,86331,34.72685,-112.14388,Jerome,AZ,Arizona,TRUE,,474,4.2,4025,Yavapai,"{""04025"": ""100""}",Yavapai,4025,FALSE,FALSE,America/Phoenix
354,0.874074074,86332,34.32055,-112.63311,Kirkland,AZ,Arizona,TRUE,,1808,1.4,4025,Yavapai,"{""04025"": ""100""}",Yavapai,4025,FALSE,FALSE,America/Phoenix
355,0.87654321,86333,34.32832,-112.08152,Mayer,AZ,Arizona,TRUE,,7651,6,4025,Yavapai,"{""04025"": ""100""}",Yavapai,4025,FALSE,FALSE,America/Phoenix
356,0.879012346,86334,34.95114,-112.54529,Paulden,AZ,Arizona,TRUE,,4913,8.3,4025,Yavapai,"{""04025"": ""100""}",Yavapai,4025,FALSE,FALSE,America/Phoenix
357,0.881481481,86335,34.69436,-111.68283,Rimrock,AZ,Arizona,TRUE,,4624,9.6,4025,Yavapai,"{""04025"": ""100""}",Yavapai,4025,FALSE,FALSE,America/Phoenix
358,0.883950617,86336,34.894,-111.87408,Sedona,AZ,Arizona,TRUE,,11595,19.9,4025,Yavapai,"{""04025"": ""72.17"", ""04005"": ""27.83""}",Yavapai|Coconino,04025|04005,FALSE,FALSE,America/Phoenix
359,0.886419753,86337,35.35562,-113.0216,Seligman,AZ,Arizona,TRUE,,1609,0.5,4025,Yavapai,"{""04025"": ""95.58"", ""04005"": ""4.42""}",Yavapai|Coconino,04025|04005,FALSE,FALSE,America/Phoenix
360,0.888888889,86338,34.58179,-112.7539,Skull Valley,AZ,Arizona,TRUE,,377,0.5,4025,Yavapai,"{""04025"": ""100""}",Yavapai,4025,FALSE,FALSE,America/Phoenix
361,0.891358025,86343,34.19336,-112.29585,Crown King,AZ,Arizona,TRUE,,51,0.2,4025,Yavapai,"{""04025"": ""100""}",Yavapai,4025,FALSE,FALSE,America/Phoenix
362,0.89382716,86351,34.77854,-111.78502,Sedona,AZ,Arizona,TRUE,,6552,63.1,4025,Yavapai,"{""04025"": ""100""}",Yavapai,4025,FALSE,FALSE,America/Phoenix
363,0.896296296,86401,35.13283,-113.70328,Kingman,AZ,Arizona,TRUE,,25799,9,4015,Mohave,"{""04015"": ""100""}",Mohave,4015,FALSE,FALSE,America/Phoenix
364,0.898765432,86403,34.48144,-114.34829,Lake Havasu City,AZ,Arizona,TRUE,,18104,697.6,4015,Mohave,"{""04015"": ""100""}",Mohave,4015,FALSE,FALSE,America/Los_Angeles
365,0.901234568,86404,34.61883,-114.30651,Lake Havasu City,AZ,Arizona,TRUE,,17280,38.5,4015,Mohave,"{""04015"": ""100""}",Mohave,4015,FALSE,FALSE,America/Phoenix
366,0.903703704,86406,34.42283,-114.12499,Lake Havasu City,AZ,Arizona,TRUE,,22802,35.9,4015,Mohave,"{""04015"": ""100""}",Mohave,4015,FALSE,FALSE,America/Phoenix
367,0.90617284,86409,35.46103,-114.02852,Kingman,AZ,Arizona,TRUE,,28675,31.2,4015,Mohave,"{""04015"": ""100""}",Mohave,4015,FALSE,FALSE,America/Phoenix
368,0.908641975,86411,35.42674,-113.64092,Hackberry,AZ,Arizona,TRUE,,151,0.1,4015,Mohave,"{""04015"": ""100""}",Mohave,4015,FALSE,FALSE,America/Phoenix
369,0.911111111,86413,35.20499,-114.33208,Golden Valley,AZ,Arizona,TRUE,,13173,7.2,4015,Mohave,"{""04015"": ""100""}",Mohave,4015,FALSE,FALSE,America/Phoenix
370,0.913580247,86426,35.00521,-114.56859,Fort Mohave,AZ,Arizona,TRUE,,14928,159.1,4015,Mohave,"{""04015"": ""100""}",Mohave,4015,FALSE,FALSE,America/Phoenix
371,0.916049383,86429,35.16265,-114.48865,Bullhead City,AZ,Arizona,TRUE,,7616,35.1,4015,Mohave,"{""04015"": ""100""}",Mohave,4015,FALSE,FALSE,America/Phoenix
372,0.918518519,86431,35.41556,-114.21983,Chloride,AZ,Arizona,TRUE,,476,3.2,4015,Mohave,"{""04015"": ""100""}",Mohave,4015,FALSE,FALSE,America/Phoenix
373,0.920987654,86432,36.46122,-113.58931,Littlefield,AZ,Arizona,TRUE,,3444,0.4,4015,Mohave,"{""04015"": ""100""}",Mohave,4015,FALSE,FALSE,America/Phoenix
374,0.92345679,86433,34.91763,-114.34877,Oatman,AZ,Arizona,TRUE,,43,0.1,4015,Mohave,"{""04015"": ""100""}",Mohave,4015,FALSE,FALSE,America/Phoenix
375,0.925925926,86434,35.69302,-113.61062,Peach Springs,AZ,Arizona,TRUE,,1609,0.8,4015,Mohave,"{""04015"": ""93.83"", ""04025"": ""6.17""}",Mohave|Yavapai,04015|04025,FALSE,FALSE,America/Phoenix
376,0.928395062,86435,36.05405,-112.90194,Supai,AZ,Arizona,TRUE,,0,0,4005,Coconino,"{""04005"": ""100""}",Coconino,4005,FALSE,FALSE,America/Phoenix
377,0.930864198,86436,34.75703,-114.38609,Topock,AZ,Arizona,TRUE,,945,3.3,4015,Mohave,"{""04015"": ""100""}",Mohave,4015,FALSE,FALSE,America/Phoenix
378,0.933333333,86437,35.37886,-113.6141,Valentine,AZ,Arizona,TRUE,,119,0.7,4015,Mohave,"{""04015"": ""100""}",Mohave,4015,FALSE,FALSE,America/Phoenix
379,0.935802469,86438,34.57122,-113.84304,Yucca,AZ,Arizona,TRUE,,752,0.2,4015,Mohave,"{""04015"": ""100""}",Mohave,4015,FALSE,FALSE,America/Phoenix
380,0.938271605,86440,34.88758,-114.53228,Mohave Valley,AZ,Arizona,TRUE,,7028,23.8,4015,Mohave,"{""04015"": ""100""}",Mohave,4015,FALSE,FALSE,America/Phoenix
381,0.940740741,86441,35.56922,-114.37781,Dolan Springs,AZ,Arizona,TRUE,,2354,1.8,4015,Mohave,"{""04015"": ""100""}",Mohave,4015,FALSE,FALSE,America/Phoenix
382,0.943209877,86442,35.08682,-114.56705,Bullhead City,AZ,Arizona,TRUE,,33895,343.7,4015,Mohave,"{""04015"": ""100""}",Mohave,4015,FALSE,FALSE,America/Phoenix
383,0.945679012,86443,35.98358,-114.45731,Temple Bar Marina,AZ,Arizona,TRUE,,0,0,4015,Mohave,"{""04015"": ""100""}",Mohave,4015,FALSE,FALSE,America/Phoenix
384,0.948148148,86444,35.90037,-114.04865,Meadview,AZ,Arizona,TRUE,,1254,1,4015,Mohave,"{""04015"": ""100""}",Mohave,4015,FALSE,FALSE,America/Phoenix
385,0.950617284,86445,35.77599,-114.50011,Willow Beach,AZ,Arizona,TRUE,,254,0.3,4015,Mohave,"{""04015"": ""100""}",Mohave,4015,FALSE,FALSE,America/Phoenix
386,0.95308642,86502,35.222,-109.58173,Chambers,AZ,Arizona,TRUE,,1095,0.6,4001,Apache,"{""04001"": ""100""}",Apache,4001,FALSE,FALSE,America/Denver
387,0.955555556,86503,36.17065,-109.64211,Chinle,AZ,Arizona,TRUE,,10818,5,4001,Apache,"{""04001"": ""100""}",Apache,4001,FALSE,FALSE,America/Denver
388,0.958024691,86504,35.93147,-109.13646,Fort Defiance,AZ,Arizona,TRUE,,7201,8.6,4001,Apache,"{""04001"": ""88.56"", ""35031"": ""11.44""}",Apache|McKinley,04001|35031,FALSE,FALSE,America/Denver
389,0.960493827,86505,35.62446,-109.71432,Ganado,AZ,Arizona,TRUE,,8036,3,4001,Apache,"{""04001"": ""84.3"", ""04017"": ""15.7""}",Apache|Navajo,04001|04017,FALSE,FALSE,America/Denver
390,0.962962963,86506,35.35243,-109.22936,Houck,AZ,Arizona,TRUE,,1266,2.9,4001,Apache,"{""04001"": ""100""}",Apache,4001,FALSE,FALSE,America/Denver
391,0.965432099,86507,36.41058,-109.26345,Lukachukai,AZ,Arizona,TRUE,,2323,4,4001,Apache,"{""04001"": ""100""}",Apache,4001,FALSE,FALSE,America/Denver
392,0.967901235,86508,35.32971,-109.08954,Lupton,AZ,Arizona,TRUE,,668,3.7,4001,Apache,"{""04001"": ""100""}",Apache,4001,FALSE,FALSE,America/Denver
393,0.97037037,86510,36.23729,-110.23069,Pinon,AZ,Arizona,TRUE,,4617,2.4,4017,Navajo,"{""04017"": ""99.7"", ""04001"": ""0.3""}",Navajo|Apache,04017|04001,FALSE,FALSE,America/Denver
394,0.972839506,86511,35.64746,-109.24552,Saint Michaels,AZ,Arizona,TRUE,,3680,3.9,4001,Apache,"{""04001"": ""100""}",Apache,4001,FALSE,FALSE,America/Denver
395,0.975308642,86512,35.09844,-109.26938,Sanders,AZ,Arizona,TRUE,,2787,1.9,4001,Apache,"{""04001"": ""100""}",Apache,4001,FALSE,FALSE,America/Phoenix
396,0.977777778,86514,36.88505,-109.33032,Teec Nos Pos,AZ,Arizona,TRUE,,3258,1.5,4001,Apache,"{""04001"": ""90.77"", ""49037"": ""9.23""}",Apache|San Juan,04001|49037,FALSE,FALSE,America/Denver
397,0.980246914,86515,35.6828,-108.9485,Window Rock,AZ,Arizona,TRUE,,4251,14.9,4001,Apache,"{""04001"": ""64.61"", ""35031"": ""35.39""}",Apache|McKinley,04001|35031,FALSE,FALSE,America/Denver
398,0.982716049,86520,36.11052,-109.93602,Blue Gap,AZ,Arizona,TRUE,,1540,2.4,4001,Apache,"{""04001"": ""64.19"", ""04017"": ""35.81""}",Apache|Navajo,04001|04017,FALSE,FALSE,America/Denver
399,0.985185185,86535,36.78066,-109.85989,Dennehotso,AZ,Arizona,TRUE,,1391,2,4001,Apache,"{""04001"": ""100""}",Apache,4001,FALSE,FALSE,America/Denver
400,0.987654321,86538,36.40507,-109.59933,Many Farms,AZ,Arizona,TRUE,,1825,3.5,4001,Apache,"{""04001"": ""100""}",Apache,4001,FALSE,FALSE,America/Denver
401,0.990123457,86540,35.93448,-109.46249,Nazlini,AZ,Arizona,TRUE,,1120,1.8,4001,Apache,"{""04001"": ""100""}",Apache,4001,FALSE,FALSE,America/Denver
402,0.992592593,86544,36.62586,-109.14637,Red Valley,AZ,Arizona,TRUE,,1307,2,4001,Apache,"{""04001"": ""100""}",Apache,4001,FALSE,FALSE,America/Denver
403,0.995061728,86545,36.70591,-109.60744,Rock Point,AZ,Arizona,TRUE,,1469,1.7,4001,Apache,"{""04001"": ""100""}",Apache,4001,FALSE,FALSE,America/Denver
404,0.997530864,86547,36.50412,-109.49668,Round Rock,AZ,Arizona,TRUE,,1175,3.5,4001,Apache,"{""04001"": ""100""}",Apache,4001,FALSE,FALSE,America/Denver
405,1,86556,36.26902,-109.21012,Tsaile,AZ,Arizona,TRUE,,2324,3.7,4001,Apache,"{""04001"": ""100""}",Apache,4001,FALSE,FALSE,America/Denver
